_from, _to, label
Classes/EEL280, Classes/EEL480, prende
Classes/MAC118, Classes/MAC128, prende
Classes/MAC118, Classes/FIT122, prende
Classes/FIT112, Classes/FIT122, prende
Classes/FIS111, Classes/FIS121, prende
Classes/COS110, Classes/COS231, prende
Classes/MAC128, Classes/MAC238, prende
Classes/FIT112, Classes/FIM230, prende
Classes/MAC128, Classes/FIM230, prende
Classes/FIS121, Classes/FIN231, prende
Classes/COS231, Classes/COS242, prende
Classes/COS111, Classes/COS471, prende
Classes/MAC128, Classes/MAC248, prende
Classes/FIM230, Classes/FIM240, prende
Classes/FIN231, Classes/FIN241, prende
Classes/MAE125, Classes/COC473, prende
Classes/MAC238, Classes/COC473, prende
Classes/COS110, Classes/COS360, prende
Classes/MAE125, Classes/COS360, prende
Classes/MAC238, Classes/COS360, prende
Classes/EEL670, Classes/EEL418, prende
Classes/COS231, Classes/EEL418, prende
Classes/EEL873, Classes/COS482, prende
Classes/EEL871, Classes/COS480, prende
Classes/FFW112, Classes/BMH127, correquisito
Classes/FFW112, Classes/FFW112, correquisito
Classes/BQM101, Classes/BQM103, prende
Classes/IQG114, Classes/IQG127, prende
Classes/IQG114, Classes/IQO120, prende
Classes/IQG114, Classes/IQO123, prende
Classes/BMH126, Classes/BMW203, prende
Classes/BQM101, Classes/BMW203, prende
Classes/IQA123, Classes/IQA124, correquisito
Classes/IQA124, Classes/IQA123, correquisito
Classes/BMW203, Classes/BMW204, prende
Classes/MAC108, Classes/IQF235, prende
Classes/IQO120, Classes/IQO230, prende
Classes/IQG127, Classes/IQO120, prende
Classes/IQA123, Classes/IQA233, prende
Classes/IQA124, Classes/IQA233, prende
Classes/IQA233, Classes/IQA234, correquisito
Classes/IQA234, Classes/IQA233, correquisito
Classes/IQG127, Classes/IQG234, prende
Classes/IQO230, Classes/IQO220, prende
Classes/IQO242, Classes/IQO220, prende
Classes/IQO230, Classes/IQO240, prende
Classes/BQM103, Classes/BMF310, prende
Classes/BMW204, Classes/BMF310, prende
Classes/IQA233, Classes/FFM302, prende
Classes/IQF235, Classes/FFM302, prende
Classes/IQA234, Classes/FFM302, prende
Classes/BQM101, Classes/IMW360, prende
Classes/IQO242, Classes/IQO251, prende
Classes/IQO240, Classes/IQO251, prende
Classes/IQO220, Classes/IQO251, prende
Classes/BFM310, Classes/BFM320, prende
Classes/BMW204, Classes/BFM320, prende
Classes/IMW360, Classes/CFP215, prende
Classes/BMW204, Classes/CFP215, prende
Classes/IMW360, Classes/FFC480, prende
Classes/BQM103, Classes/FFI311, prende
Classes/BMF310, Classes/FFM313, prende
Classes/FFP600, Classes/FFP313, prende
Classes/IQO240, Classes/FFP313, prende
Classes/IQA233, Classes/FFP324, prende
Classes/BQM103, Classes/FFP324, prende
Classes/BMW204, Classes/BMF410, prende
Classes/BFM320, Classes/BMF410, prende
Classes/BMW204, Classes/FFC304, prende
Classes/BQM103, Classes/FFC304, prende
Classes/CFP215, Classes/FFC321, prende
Classes/IMW360, Classes/FFC321, prende
Classes/BMW204, Classes/FFC322, prende
Classes/FFM313, Classes/FFM323, prende
Classes/BFM320, Classes/FFM481, prende
Classes/FFM311, Classes/FFM481, prende
Classes/BMF310, Classes/FFM481, prende
Classes/FFM313, Classes/FFM481, prende
Classes/FFP313, Classes/FFP323, prende
Classes/FFP324, Classes/FFP403, prende
Classes/CFP215, Classes/FFC406, prende
Classes/FFC303, Classes/FFM402, prende
Classes/MAD237, Classes/FFM402, prende
Classes/FFM323, Classes/FFM403, prende
Classes/IQG127, Classes/FFM408, prende
Classes/FFM313, Classes/FFM408, prende
Classes/FFP324, Classes/FFP402, prende
Classes/BMF310, Classes/FFC314, prende
Classes/IQO240, Classes/FFC314, prende
Classes/BMF310, Classes/FFI402, prende
Classes/IMW360, Classes/FFI402, prende
Classes/FFM323, Classes/FFM405, prende
Classes/FFM313, Classes/FFM406, prende
Classes/FFI311, Classes/FFM426, prende
Classes/IMW360, Classes/FFM426, prende
Classes/FFM300, Classes/FFMU08, prende
Classes/BMF410, Classes/FFMU08, prende
Classes/FFM323, Classes/FFMU08, prende
Classes/FFP111, Classes/FFWX02, prende
Classes/FFWX02, Classes/FFWK02, prende